,Olivia,Liam,Forest,Main Street,Shanghai ,China
,Emma,Noah,Reyes,Church Street,Buenos Aires ,Argentina
,Amelia,Oliver,Stewart,Main Street North, Mumbai ,India
,Sophia,Mateo,Morales,Main Street South ,Mexico City ,Mexico
,Isabella,Lucas,Murphy,High Street,Karachi ,Pakistan
,Luna,Levi,Cook,Main Street West,Istanbul ,Turkey
,Mia,Asher,Rogers,Elm Street ,Delhi ,India
,Charlotte,James,Gutierrez,Main Street East ,Manila ,Philippines
,Evelyn,Leo,Ortiz,Park Avenue,Moscow ,Russia
,Harper,Grayson,Morgan,Walnut Street,Dhaka ,Bangladesh
,Scarlett,Ezra,Cooper,Washington Street ,Seoul ,South Korea
,Nova,Luca,Peterson,2nd Street ,So Paulo ,Brazil
,Aurora,Ethan,Bailey,Chestnut Street,Lagos ,Nigeria
,Ella,Aiden,Reed,Broad Street,Jakarta ,Indonesia
,Mila,Wyatt,Kelly,Maple Avenue Tokyo ,Japan
,Aria,Sebastian,Howard,Oak Street ,Zhumadian,China
,Ellie,Benjamin,Ramos,Maple Street,New York ,United States
,Gianna,Mason,Kim,Center Street,Taipei ,Taiwan
,Sofia,Henry,Cox,Pine Street,Kinshasa,Democratic Republic of the Congo
,Violet,Hudson,Ward,River Road ,Lima ,Peru
,Layla,Jack,Richardson,Market Street,Cairo ,Egypt
,Willow,Jackson,Watson,Washington Avenue ,London ,United Kingdom
,Lily,Owen,Brooks,Water Street ,Beijing ,China
,Hazel,Daniel,Chavez,Union Street ,Tehran ,Iran
,Camila,Alexander,Wood,3rd Street ,Nanchong ,China
,Avery,Maverick,James,South Street ,Bogot ,Colombia
,Chloe,Kai,Bennet,4th Street ,Hong Kong ,China
,Elena,Gabriel,Gray,North Street ,Lahore ,Pakistan
,Paisley,Carter,Mendoza,Park Street ,Rio de Janeiro ,Brazil
,Eliana,William,Ruiz,Court Street,Baghdad ,Iraq
,Penelope,Logan,Hughes,Highland Avenue ,Tai'an ,China
,Eleanor,Michael,Price,Mill Street ,Bangkok ,Thailand
,Ivy,Samuel,Alvarez,Prospect Street,Bangalore,India
,Elizabeth,Muhammad,Castillo,Cherry Street,Yueyang ,China
,Riley,Waylon,Sanders,Franklin Street ,Santiago ,Chile
,Isla,Ezekiel,Patel,Spring Street ,Kaifeng ,China
,Abigail,Jayden,Myers,1st Street ,Kolkata ,India
,Nora,Luke,Long,Central Avenue ,Toronto ,Canada
,Stella,Lincoln,Ross,School Street ,Yangon ,Myanmar
,Grace,Theo,Foster,State Street,Sydney ,Australia
,Zoey,Jacob,Jimenez,Front Street ,Chennai,India
,Emily,Josiah,Gump,Jefferson Street ,Riyadh,Saudi Arabia
,Emilia,David,Biden,Madison Avenue ,Wuhan ,China
,Leilani,Jaxon,Trump,Cedar Street ,Saint Petersburg ,Russia
,Everly,Elias,Williams,Jackson Street ,Chongqing,China
,Kinsley,Julian,Davis,Park Place ,Chengdu,China
,Athena,Theodore,Miller,West Street ,Chittagong ,Bangladesh
,Delilah,Isaiah,Rodriguez,Locust Street ],Alexandria ,Egypt
,Naomi,Matthew,Jones,Grove Street,Los Angeles ,United States
,,,,5th Street,Tianjin ,China
,,,,Bridge Street ,Melbourne ,Australia
,,,,Meadow Lane ,Ahmadabad ,India
,,,,Spruce Street ,Pusan ,South Korea
,,,,Jefferson Avenue,Abidjan ,Cote d'Ivoire
,,,,Ridge Road ,Kano ,Nigeria
,,,,Madison Street ,Hyderbd ,India
,,,,Pearl Street ,Puyang ,China
,,,,Adams Street ,Yokohama-shi ,Japan
,,,,Dogwood Drive,Ibadan ,Nigeria
,,,,Lincoln Avenue ,Singapore ,Singapore
,,,,Pennsylvania Avenue ,Ankara ,Turkey
,,,,3rd Street West ,Shenyang ,China
,,,,7th Street, Chi Minh City ,Vietnam
,,,,Green Street,Shiyan ,China
,,,,Lincoln Street,Cape Town ,South Africa
,,,,Pleasant Street ,Berlin ,Germany
,,,,12th Street,Montreal ,Canada
,,,,4th Street West,Madrid ,Spain
,,,,Virginia Avenue ,Harbin ,China
,,,,11th Street,Xi'an ,China
,,,,6th Street,Pyongyang ,North Korea
,,,,9th Street,Lanzhou ,China
,,,,Academy Street,Guangzho ,China
,,,,Hickory Lane ,Casablanca ,Morocco
,,,,Route 1 ,Durban ,South Africa
,,,,10th Street ,Nanjing ,China
,,,,2nd Avenue ,Kabul ,Afghanistan
,,,,Elizabeth Street,Shenzhen ,China
,,,,Monroe Street ,Caracas ,Venezuela
,,,,River Street,Pune ,India
,,,,Valley Road,Sirat ,India
,,,,Winding Way,Jeddah ,Saudi Arabia
,,,,Cherry Lane ,Kanpur ,India
,,,,East Street ,Luanda ,Angola
,,,,Hill Street ,Addis Ababa ,Ethiopia
,,,,Summit Avenue,Nairobi ,Kenya
,,,,5th Avenue,Taiyuan ,China
,,,,Broadway ,Salvador ,Brazil
,,,,Charles Street ,Jaipur ,India
,,,,Vine Street ,Dar es Salaam ,Tanzania
,,,,13th Street ,Chicago ,United States
,,,,1st Avenue,Incheon ,South Korea
,,,,6th Street West ,Yunfu ,China
,,,,Colonial Drive ,Al Barah ,Iraq
,,,,Fairway Drive ,saka-shi ,Japan
,,,,Prospect Avenue,Mogadishu ,Somalia
,,,,Church Road ,Taegu ,South Korea
,,,,College Street ,Rome ,Italy
,,,,Delaware Avenue,Changchun ,China

